1,4319234901896186,80,Although during social pay fear.,906.23,,,566,SO,2021-09-23 10:44:51
2,4319234105541919,64,Career single risk red like put.,1162.34,,,188,TJ,2021-09-23 10:44:51
3,4319238425590092,36,You leader place blood life.,1362.72,4018,,427,VI,2021-09-23 10:44:51
4,4319231730084596,19,No maybe ok free movement. Language better back.,420.30,9016,,535,TD,2021-09-23 10:44:51
5,4319238433558925,12,Win model charge question leader and.,118.54,3709,,491,TD,2021-09-23 10:44:51
6,4319235878582824,49,Course street parent position age.,1206.22,7779,231,,TH,2021-09-23 10:44:51
7,4319237500307000,1,Sea raise certain soon home chair.,923.33,3373,,976,KR,2021-09-23 10:44:51
8,4319237686181351,57,Television minute reality whatever baby.,1741.17,2180,,,GU,2021-09-23 10:44:51
9,4319237385271750,5,Tree yes become.,1287.95,,,,SY,2021-09-23 10:44:51
10,4319235805846524,10,Blood decide woman moment reveal.,1716.16,,,,VI,2021-09-23 10:44:51
11,4319237109543872,42,Business forward similar rather sound create raise.,1677.04,,,282,ZA,2021-09-23 10:44:51
12,4319238966631099,28,Return yeah act resource trade author would central.,1569.70,6157,,77,KR,2021-09-23 10:44:51
13,4319236904473640,70,Hot popular garden public hit.,861.54,1352,,641,MP,2021-09-23 10:44:51
14,431923460519699,66,Style mention my plan computer item future never.,1015.62,,,388,TD,2021-09-23 10:44:51
15,4319239461000012,74,Quite who rule international kid.,237.04,,,597,GU,2021-09-23 10:44:51
16,4319236376768337,61,Five finish system guess.,48.19,5883,,185,RU,2021-09-23 10:44:51
17,4319231412912379,84,Mother nation nation front.,1255.09,,,842,TJ,2021-09-23 10:44:51
18,4319239560326193,1,Produce cause fire memory shake artist they.,1922.30,,,222,JP,2021-09-23 10:44:51
19,4319231436034069,87,Along push forward answer prepare kind.,995.24,,,688,KR,2021-09-23 10:44:51
20,4319236376768337,3,Institution image entire idea.,286.48,5883,632,,VN,2021-09-23 10:44:51
21,4319239841094008,39,Environmental try either plant nearly song evidence.,1248.32,3911,806,,SO,2021-09-23 10:44:51
22,4319235640236253,42,Establish bill imagine reflect. Some each call.,584.36,,,56,VI,2021-09-23 10:44:51
23,4319234495251137,16,Single father food body talk picture there much.,1259.95,6688,,391,PS,2021-09-23 10:44:51
24,431923756726156,68,Attorney all family these.,819.08,5178,926,,JP,2021-09-23 10:44:51
25,4319237146070871,87,South coach produce into.,1989.29,9346,316,,CA,2021-09-23 10:44:51
26,4319237146070871,29,General must new road direction time.,1352.59,9346,,,SY,2021-09-23 10:44:51
27,4319232752423829,28,Through add represent ahead. Research cut entire loss.,1619.35,1484,,,VN,2021-09-23 10:44:51
28,431923230790091,99,Child reality two impact discover fact bar.,477.33,,,,RU,2021-09-23 10:44:51
29,4319236772313019,26,Eight floor party federal.,1870.33,,,,VN,2021-09-23 10:44:51
30,431923230790091,86,Same computer walk economic check cause me.,1674.22,,607,,GU,2021-09-23 10:44:51
31,4319233356977111,82,Power play film church cell structure like son.,1537.91,564,,554,SO,2021-09-23 10:44:51
32,4319233576394220,76,Set decide statement move focus positive bill.,183.35,2409,,239,ZA,2021-09-23 10:44:51
33,4319236443118813,16,Base the easy myself friend create.,873.88,,,528,KR,2021-09-23 10:44:51
34,4319239560326193,75,Threat society three herself city rule phone.,1087.55,,,222,NG,2021-09-23 10:44:51
35,4319239398371072,52,Enough area everyone music simple little follow.,852.86,,678,,TH,2021-09-23 10:44:51
36,4319234495251137,92,Ask similar fly pass. Part behind marriage.,1512.11,6688,,,KR,2021-09-23 10:44:51
37,4319235272348921,98,Whether wrong social benefit whole.,913.08,6726,56,,VN,2021-09-23 10:44:51
38,4319238725594448,21,Nation hotel travel stage anyone research.,1883.29,7135,792,,TH,2021-09-23 10:44:51
39,4319231412912379,36,Buy camera site security check. Whatever yet involve.,427.65,,441,,SO,2021-09-23 10:44:51
40,4319239136322221,15,Meeting discover no during choice.,671.23,1307,,,SY,2021-09-23 10:44:51
41,4319233576394220,1,Follow suddenly new style watch bill instead audience.,131.06,2409,,239,TD,2021-09-23 10:44:51
42,431923460519699,66,Eat as rather thank. Agree meeting test dog true.,904.48,,,,TH,2021-09-23 10:44:51
43,4319237500307000,98,Describe spring where drug.,1708.45,3373,,976,ZA,2021-09-23 10:44:51
44,4319239398371072,43,Interest line left sport.,1766.45,,,630,AS,2021-09-23 10:44:51
45,4319236821918248,57,Compare sister break should. Floor stock defense.,1046.90,4480,,2,RU,2021-09-23 10:44:51
46,4319236802365302,24,Hold for total need government.,227.28,5112,,688,SJ,2021-09-23 10:44:51
47,4319238217790900,52,Peace arm vote performance focus community.,198.68,5675,,,AS,2021-09-23 10:44:51
48,4319239122559372,42,Side night moment throughout decade.,1918.29,,344,,TJ,2021-09-23 10:44:51
49,4319237455815999,86,Whose partner whom shake back produce.,1562.62,,,953,VI,2021-09-23 10:44:51
50,4319233652344255,32,Return act quality do or. Last lawyer people way.,1892.71,,254,,JP,2021-09-23 10:44:51
51,4319236500068745,94,Compare full adult loss science impact follow.,531.99,8097,,972,MP,2021-09-23 10:44:51
52,4319237146070871,28,Management them media power compare simple.,1911.36,9346,316,,CA,2021-09-23 10:44:51
53,4319235640236253,7,Low already Congress ready shake story.,668.12,,,56,TD,2021-09-23 10:44:51
54,4319234495251137,8,Wrong suffer executive suggest star its science sport.,240.60,6688,,391,SY,2021-09-23 10:44:51
55,4319239398371072,59,When color old medical. Woman method chair whom.,1447.52,,,630,GU,2021-09-23 10:44:51
56,not a number,70,Despite contain d
69,4319236772313019,46,Benefit past national likely.,1609.60,,,,MP,2021-09-23 10:44:51
70,4319236802365302,41,Purpose agreement second strategy summer.,113.80,5112,,,TD,2021-09-23 10:44:51
71,4319233513891098,11,Laugh well all.,388.78,,,858,US,2021-09-23 10:44:51
72,4319236821918248,42,Amount exist reason anyone keep.,772.35,4480,,2,MP,2021-09-23 10:44:51
73,431923230790091,11,Back step price ok cause firm.,528.52,,,203,TH,2021-09-23 10:44:51
74,4319238217790900,36,Size strategy far else stuff.,1166.97,5675,,626,US,2021-09-23 10:44:51
75,4319239787759036,19,Upon new season skin edge give note.,1904.66,,398,,ZA,2021-09-23 10:44:51
76,4319232692911297,87,Response night culture central.,1750.67,,,753,NG,2021-09-23 10:44:51
77,4319239122559372,35,Phone fill throughout card explain tough.,1679.48,,,90,VI,2021-09-23 10:44:51
78,4319238054756287,34,Military stock personal environmental imagine.,955.13,,469,,US,2021-09-23 10:44:51
79,4319232187867475,98,So early go.,1822.58,,74,,SJ,2021-09-23 10:44:51
80,4319235502079890,93,Show third surface catch response.,481.26,,,419,NG,2021-09-23 10:44:51
81,4319234613708745,69,Trip sense thus. Wide more issue off.,1190.16,6662,525,,KP,2021-09-23 10:44:51
82,4319239339182380,5,Term either make. Require must boy cup edge together.,1845.52,,646,,PS,2021-09-23 10:44:51
83,4319232692911297,17,Take process sea chair.,1847.54,,351,,VN,2021-09-23 10:44:51
84,4319236443118813,31,Compare happen perform scene small here.,1543.51,,,528,GU,2021-09-23 10:44:51
85,4319235925267601,2,Eight couple final pick lead upon sea.,1821.41,3258,15,,MP,2021-09-23 10:44:51
86,4319239339182380,58,Relate name improve reason son fact modern.,978.01,,646,,KP,2021-09-23 10:44:51
87,4319237146070871,25,Them to development his.,846.19,9346,316,,CN,2021-09-23 10:44:51
88,4319237109543872,25,Modern short let large our card.,1975.20,,,282,TH,2021-09-23 10:44:51
89,4319236376768337,82,Bank blood adult position inside executive take.,341.03,5883,,185,RU,2021-09-23 10:44:51
90,4319237263191989,25,Step star father woman. Front doctor friend chair.,1509.02,924,,,KR,2021-09-23 10:44:51
91,4319237670548466,76,Detail which may bit or. Play official expect score.,1713.08,,,207,TD,2021-09-23 10:44:51
92,4319236500068745,92,Receive knowledge responsibility focus.,8.34,8097,,972,GU,2021-09-23 10:44:51
93,4319234105541919,100,Alone special continue run dark until pull company.,1931.84,,336,,KP,2021-09-23 10:44:51
94,4319236904473640,68,Well radio kid skin a tend simple.,143.10,1352,,641,SO,2021-09-23 10:44:51
95,4319239461000012,26,Why education pressure message he grow right.,1936.69,,,597,TH,2021-09-23 10:44:51
96,4319237500307000,36,Else eye pay forget conference long fish.,1079.75,3373,,976,TJ,2021-09-23 10:44:51
97,4319236830786867,41,Check friend turn food sign across task civil.,1983.09,3079,,,NG,2021-09-23 10:44:51
98,4319233719742475,6,Into common consumer put.,388.89,9019,,,MP,2021-09-23 10:44:51
99,4319236772313019,23,Way about as open impact.,1669.20,,,469,KP,2021-09-23 10:44:51
100,431923230790091,98,Former always hand certain company seven able.,133.85,,,203,TH,2021-09-23 10:44:51
101,4319238966631099,14,West possible head position accept factor hotel.,415.05,6157,490,,JP,2021-09-23 10:44:51
102,4319236376768337,69,Religious quite walk black million.,415.24,5883,,,JP,2021-09-23 10:44:51
103,4319236830786867,90,Personal despite message treat you put goal.,1287.69,3079,,968,TH,2021-09-23 10:44:51
104,4319236802365302,68,Sound financial again. Than officer already enjoy.,493.03,5112,,688,SJ,2021-09-23 10:44:51
105,4319237146070871,22,Gas respond natural development commercial.,550.07,9346,316,,NG,2021-09-23 10:44:51
106,4319238725594448,81,Character and significant low purpose public cost.,1682.54,7135,,,VN,2021-09-23 10:44:51
107,4319231060922365,100,Stop nation hotel protect also power under.,731.89,,660,,US,2021-09-23 10:44:52
108,4319237455815999,13,Race information activity film medical require.,1383.76,,,,RU,2021-09-23 10:44:52
109,4319236500068745,76,Kid art blood deal.,1588.08,8097,,972,TH,2021-09-23 10:44:52
110,4319233652344255,69,Win everything about black.,804.71,,,323,SY,2021-09-23 10:44:52
111,431923230790091,60,Lay write manager before list may might.,1125.03,,,203,CA,2021-09-23 10:44:52
112,4319239136322221,98,Your two commercial care.,620.23,1307,,122,CN,2021-09-23 10:44:52
113,4319239660524028,65,Despite world movement will hold court candidate.,1910.48,,,,VN,2021-09-23 10:44:52
114,4319231412912379,93,Add before trial.,1692.76,,441,,RU,2021-09-23 10:44:52
115,4319235272348921,18,School attorney only scientist interview town.,1757.40,6726,56,,KR,2021-09-23 10:44:52
116,4319231412912379,84,Exactly them occur computer technology per.,253.56,,,842,TJ,2021-09-23 10:44:52
117,4319237500307000,9,Star treatment specific born manager physical one.,820.80,3373,528,,SO,2021-09-23 10:44:52
118,4319238966631099,40,Road write fine put south significant word.,430.05,6157,,77,SO,2021-09-23 10:44:52
119,4319235166709725,34,Decade catch buy join to.,1461.73,,910,,TH,2021-09-23 10:44:52
120,4319237263191989,44,Know oil often. Strong ask enter crime.,209.26,924,,768,PS,2021-09-23 10:44:52
121,4319236443118813,18,Point character his campaign energy down.,1284.08,,998,,VN,2021-09-23 10:44:52
122,4319234495251137,38,Back sort forward cause eight. Tax try close money.,1542.59,6688,,391,TH,2021-09-23 10:44:52
123,4319237670548466,79,Herself main dark around much because lawyer.,1721.56,,,207,VI,2021-09-23 10:44:52
124,4319235502079890,55,Onto manager dinner. Site cell sound.,1547.16,,,419,VI,2021-09-23 10:44:52
125,4319233652344255,8,Doctor wear hard produce character.,1007.46,,,323,SY,2021-09-23 10:44:52
126,4319239136322221,27,Approach food carry field son if poor.,262.03,1307,349,,KR,2021-09-23 10:44:52
127,4319238217790900,26,Writer detail word. Already fine imagine store entire.,629.84,5675,,626,KP,2021-09-23 10:44:52
128,4319239560326193,15,Radio despite arm board reduce card case.,474.75,,,,KP,2021-09-23 10:44:52
129,4319232752423829,1,Mission approach agree. Gun knowledge practice.,491.75,1484,,792,SO,2021-09-23 10:44:52
130,4319236830786867,33,Project there continue bad my.,1512.09,3079,,968,KR,2021-09-23 10:44:52
131,4319234613708745,86,Address agent at laugh. Wait require follow.,397.38,6662,,89,JP,2021-09-23 10:44:52
132,4319235502079890,33,Able power around main hundred beautiful entire worry.,1546.00,,745,,KP,2021-09-23 10:44:52
133,4319233513891098,71,He exactly half. Particularly material east sport.,358.39,,,,TJ,2021-09-23 10:44:52
134,4319236830786867,71,What ability culture speak never half age process.,1213.14,3079,349,,AS,2021-09-23 10:44:52
135,4319232187867475,52,Prevent military available whom.,1869.11,,74,,NG,2021-09-23 10:44:52
136,4319234815567329,68,Bar easy fight any rule.,1709.68,,,861,SY,2021-09-23 10:44:52
137,4319238425590092,8,Mention story course stop including nature cause ball.,1035.28,4018,,,KP,2021-09-23 10:44:52
138,4319236772313019,70,Kid knowledge cold able. Boy area wind.,817.65,,422,,CN,2021-09-23 10:44:52
139,4319233576394220,49,Yard become mission push thus.,1056.93,2409,552,,JP,2021-09-23 10:44:52
140,4319236830786867,84,Huge throughout myself.,1860.72,3079,,,SY,2021-09-23 10:44:52
141,4319236821918248,66,Trade include treat nature create happen recently.,10.27,4480,899,,JP,2021-09-23 10:44:52
142,4319237500307000,8,Laugh fill by north idea.,703.92,3373,528,,KP,2021-09-23 10:44:52
143,4319239122559372,74,Choose hand check dream me.,1835.45,,344,,AS,2021-09-23 10:44:52
144,4319236772313019,82,Forward television process the.,414.25,,,469,MP,2021-09-23 10:44:52
145,4319233356977111,88,Garden hot meet bag case sell.,58.58,564,,554,MP,2021-09-23 10:44:52
146,4319238966631099,92,Project TV down prepare.,1509.83,6157,,77,SJ,2021-09-23 10:44:52
147,4319233576394220,93,Chance generation couple cut.,974.74,2409,,,CA,2021-09-23 10:44:52
148,4319235805846524,76,Cover fund general own. President talk miss.,1106.63,,344,,JP,2021-09-23 10:44:52
149,4319236772313019,50,Course figure offer catch be dinner.,828.82,,,469,CA,2021-09-23 10:44:52
150,4319237455815999,92,Give that current. Pressure imagine above us red.,1741.90,,888,,MX,2021-09-23 10:44:52
151,4319235925267601,34,Special relationship ground staff.,1056.39,3258,,579,KP,2021-09-23 10:44:52
152,4319234815567329,4,Travel campaign light policy.,859.30,,,861,MP,2021-09-23 10:44:52
153,4319239136322221,57,Work share south simply brother.,1162.35,1307,349,,SO,2021-09-23 10:44:52
154,4319232752423829,67,Audience give build economy.,1362.01,1484,,792,MX,2021-09-23 10:44:52
155,4319234105541919,52,Food above continue girl try article.,953.64,,,188,JP,2021-09-23 10:44:52
156,4319238217790900,8,Daughter society be wait though open behavior.,1374.87,5675,142,,SJ,2021-09-23 10:44:52
157,4319234105541919,38,Beyond majority statement total.,274.03,,336,,AS,2021-09-23 10:44:52
158,4319235640236253,23,Fill dinner land travel able.,405.28,,,,US,2021-09-23 10:44:52
159,4319238725594448,38,Allow claim adult represent. Yeah girl film.,697.71,7135,,,CN,2021-09-23 10:44:52
160,4319239560326193,88,Until least receive impact provide.,21.03,,,222,SY,2021-09-23 10:44:52
161,4319236390337945,46,Short material huge.,209.34,3465,,372,AS,2021-09-23 10:44:52
162,4319237500307000,32,Meeting down floor modern.,296.14,3373,,976,CN,2021-09-23 10:44:52
163,4319233356977111,65,Nothing election bit buy few Mrs.,1023.25,564,645,,SO,2021-09-23 10:44:52
164,4319231060922365,21,Most describe tough. Stuff market hospital store.,400.64,,660,,US,2021-09-23 10:44:52
165,4319237984759288,3,Already avoid data girl health.,735.70,6075,,558,NG,2021-09-23 10:44:52
166,4319231338519746,79,Finally TV cell indeed. Main trade mention which.,371.86,9601,134,,ZA,2021-09-23 10:44:52
167,4319235805846524,15,Box enjoy lose even. With partner Republican.,868.06,,,,NG,2021-09-23 10:44:52
168,4319239787759036,78,Either claim outside most ability wrong.,1295.58,,,499,US,2021-09-23 10:44:52
169,4319236772313019,96,Pay technology which letter.,1013.16,,,469,VN,2021-09-23 10:44:52
170,4319238425590092,41,Fear plan defense. Fill hope five.,507.24,4018,,,MX,2021-09-23 10:44:52
171,4319237146070871,7,Buy effect sit person indeed.,1708.08,9346,316,,VN,2021-09-23 10:44:52
172,4319235640236253,32,Once short still beyond morning last effort.,1993.47,,,56,TH,2021-09-23 10:44:52
173,4319231730084596,86,May into technology. Join art coach run.,169.14,9016,,535,US,2021-09-23 10:44:52
174,4319238966631099,87,Simply different card development.,21.19,6157,,77,GU,2021-09-23 10:44:52
175,431923230790091,92,Sea bring catch address player allow focus.,1842.12,,,203,AS,2021-09-23 10:44:52
176,4319232894632071,39,Watch only very year leader give Mrs.,359.32,1267,,301,VI,2021-09-23 10:44:52
177,4319234105541919,47,Station option later call beyond.,1294.28,,,188,US,2021-09-23 10:44:52
178,4319237686181351,75,Star important amount.,1455.78,2180,,863,CN,2021-09-23 10:44:52
179,4319231060922365,38,Law floor TV above. Record nice benefit local do each.,312.88,,,,CA,2021-09-23 10:44:52
180,4319239461000012,57,Hand owner must receive rate claim west.,541.85,,,,AS,2021-09-23 10:44:52
181,4319239136322221,55,Mind president herself purpose social paper.,80.15,1307,,,SO,2021-09-23 10:44:52
182,431923460519699,46,Herself as and travel.,111.37,,,388,NG,2021-09-23 10:44:52
183,4319236390337945,98,Would understand man across.,857.86,3465,,372,MP,2021-09-23 10:44:52
184,4319233576394220,83,Air produce yet item create.,1039.68,2409,,239,SJ,2021-09-23 10:44:52
185,4319237455815999,68,Inside involve establish country.,681.00,,,953,RU,2021-09-23 10:44:52
186,4319232894632071,97,Authority foot first reality theory traditional west.,479.96,1267,,,TD,2021-09-23 10:44:52
187,4319239403608237,63,Simply business body into beautiful.,1811.65,,,309,VN,2021-09-23 10:44:52
188,4319236443118813,1,Together upon establish father choose would.,879.08,,,528,CA,2021-09-23 10:44:52
189,4319235805846524,19,Network foot charge attorney moment street.,2.40,,,116,MX,2021-09-23 10:44:52
190,4319239660524028,25,Guess partner dog agent girl only few.,1832.60,,,,PS,2021-09-23 10:44:52
191,4319235913541645,89,Economic practice resource. Major evidence check.,807.26,,,126,MX,2021-09-23 10:44:52
192,4319237146070871,91,Floor industry music movie finish.,1611.75,9346,,,RU,2021-09-23 10:44:52
193,431923230790091,75,Computer large effort use risk.,971.61,,,203,US,2021-09-23 10:44:52
194,4319235640236253,79,Remember defense describe.,560.76,,,56,VI,2021-09-23 10:44:52
195,431923230790091,51,Fall free church seem center. Next individual really.,1686.56,,,203,KR,2021-09-23 10:44:52
196,4319239398371072,95,Candidate base require condition cause.,1308.83,,,630,VI,2021-09-23 10:44:52
197,4319236830786867,13,Light past because claim citizen benefit.,72.69,3079,349,,KR,2021-09-23 10:44:52
198,4319234574726322,17,Position out address increase.,1426.06,1982,,890,GU,2021-09-23 10:44:52
199,4319234509730183,41,Whether himself within school six.,1566.70,,,,PS,2021-09-23 10:44:52
200,4319239560326193,14,Teacher it foot room mission.,1392.72,,,,MP,2021-09-23 10:44:52
201,4319235878582824,37,We do yet.,407.97,7779,,436,MP,2021-09-23 10:44:52
202,431923230790091,65,Especially expert bring occur three term first.,1287.98,,,203,TJ,2021-09-23 10:44:52
203,431923756726156,20,Simple wait include market low.,920.59,5178,,389,VN,2021-09-23 10:44:52
204,4319238966631099,83,Candidate time hope. Table sell better hour great top.,788.25,6157,,,SO,2021-09-23 10:44:52
205,4319233513891098,16,North yes good.,1523.45,,,858,PS,2021-09-23 10:44:52
206,4319236772313019,88,Represent book deep high.,388.62,,,,JP,2021-09-23 10:44:52
207,4319237984759288,76,Long town add mission guess material.,590.01,6075,,,VI,2021-09-23 10:44:52
208,4319239841094008,55,I time cup medical some impact word strong.,896.61,3911,,,TD,2021-09-23 10:44:52
209,4319231730084596,4,These week hour new drug machine leg gun.,1058.92,9016,552,,CA,2021-09-23 10:44:52
210,4319236821918248,79,Plan part later eat. Why long so attention decision.,1299.59,4480,,2,MX,2021-09-23 10:44:52
211,4319235640236253,13,Tax myself begin author.,922.32,,,,CN,2021-09-23 10:44:52
212,4319237984759288,58,Between according court. Wear likely middle fight.,1083.70,6075,,558,ZA,2021-09-23 10:44:52
213,4319239403608237,82,Back community appear. Meet their kid civil.,1201.18,,,309,NG,2021-09-23 10:44:52
214,431923460519699,24,Already marriage few learn enter know most west.,730.64,,,388,GU,2021-09-23 10:44:52
215,4319232894632071,28,Phone billion because reveal dog business in.,1003.88,1267,,301,MP,2021-09-23 10:44:52
216,431923756726156,37,Heart assume all hour create structure.,697.24,5178,,389,SJ,2021-09-23 10:44:52
217,4319237263191989,41,Guess those in effort easy carry.,709.35,924,,768,CN,2021-09-23 10:44:52
218,4319239136322221,24,Mention sound within only writer team.,1542.97,1307,349,,SJ,2021-09-23 10:44:52
219,4319234574726322,89,Five than force when.,609.48,1982,,,MX,2021-09-23 10:44:52
220,4319237385271750,42,Respond once land article start matter continue.,907.83,,107,,SJ,2021-09-23 10:44:52
221,4319238425590092,69,Today exactly political husband.,1256.31,4018,,427,US,2021-09-23 10:44:52
222,4319239787759036,43,Over poor whole course authority.,154.83,,,499,US,2021-09-23 10:44:52
223,4319236390337945,85,Under themselves state still stock town.,1312.19,3465,,372,VN,2021-09-23 10:44:52
224,4319232187867475,7,Street beyond answer win assume. Just those subject.,134.35,,,821,RU,2021-09-23 10:44:52
225,4319232752423829,48,Actually much late trial too seem strategy allow.,632.22,1484,,792,JP,2021-09-23 10:44:52
226,4319239560326193,4,Tree report such.,1337.55,,,,SY,2021-09-23 10:44:52
227,4319238425590092,45,Mrs lawyer in station garden enjoy within.,1136.65,4018,,427,SY,2021-09-23 10:44:52
228,4319235166709725,63,Military music game public.,1938.31,,,,ZA,2021-09-23 10:44:52
229,4319237385271750,81,Firm party option ago.,1341.84,,,,SY,2021-09-23 10:44:52
230,4319239841094008,65,Participant set analysis per within.,1771.54,3911,,397,SY,2021-09-23 10:44:52
231,4319236390337945,44,Near article anything blood. Itself stuff suddenly.,1750.70,3465,,372,NG,2021-09-23 10:44:52
232,4319235925267601,2,Pull kid exist enter. About beyond blue PM.,683.60,3258,,579,NG,2021-09-23 10:44:52
233,4319239841094008,41,Pull without them condition though main mission.,1920.73,3911,,,US,2021-09-23 10:44:52
234,4319239122559372,57,Skill eight hear run during central.,1159.26,,,90,SO,2021-09-23 10:44:52
235,4319232729116365,15,Organization hit car available drop another.,980.22,,,972,CA,2021-09-23 10:44:52
236,4319235913541645,92,Think medical week figure relate.,234.07,,,126,TH,2021-09-23 10:44:52
237,4319239398371072,44,Choose visit add ago.,1403.66,,,630,AS,2021-09-23 10:44:52
238,4319231436034069,63,Property believe such college particular ten every.,832.15,,,,KP,2021-09-23 10:44:52
239,4319238966631099,33,Office less surface light network me because.,660.82,6157,,77,GU,2021-09-23 10:44:52
240,4319235502079890,73,Forget edge future baby benefit bill Democrat.,357.61,,745,,KR,2021-09-23 10:44:52
241,4319238433558925,64,Quickly style agency.,1422.56,3709,,491,TD,2021-09-23 10:44:52
242,4319239403608237,90,Heart various only as how quality health.,107.47,,,309,RU,2021-09-23 10:44:52
243,4319231730084596,10,Think outside many pattern practice pull.,1595.39,9016,,535,NG,2021-09-23 10:44:52
244,4319239660524028,33,Identify traditional role return by thing.,76.69,,,,US,2021-09-23 10:44:52
245,4319235805846524,86,Sense man dream with hear share.,1188.66,,,116,SY,2021-09-23 10:44:52
246,4319237500307000,34,Number hair add give he admit successful little.,1046.51,3373,,976,VI,2021-09-23 10:44:52
247,4319236772313019,82,Toward north eye detail what help so.,6.59,,,,JP,2021-09-23 10:44:52
248,4319239122559372,78,International teacher detail discuss although.,875.90,,,90,TH,2021-09-23 10:44:52
249,4319235925267601,71,Ago detail act there explain mouth defense.,552.67,3258,,,KP,2021-09-23 10:44:52
250,4319238425590092,64,Pressure for sound field away eye section.,393.34,4018,,427,KR,2021-09-23 10:44:52
251,4319238433558925,24,Ball box plan would sport general second fund.,192.50,3709,,491,TH,2021-09-23 10:44:52
252,4319234509730183,50,Among later personal away everyone.,195.45,,,,RU,2021-09-23 10:44:52
253,4319231730084596,20,Kid list positive though woman high performance.,412.62,9016,552,,MP,2021-09-23 10:44:52
254,4319238217790900,61,Provide far sometimes worker on.,1577.50,5675,142,,JP,2021-09-23 10:44:52
255,4319234105541919,58,As usually author than throw.,771.80,,,,TJ,2021-09-23 10:44:52
256,4319235913541645,60,Job character little season food.,929.89,,,126,TJ,2021-09-23 10:44:52
257,4319232692911297,8,Exist citizen own above perform.,1332.37,,351,,SO,2021-09-23 10:44:52
258,4319235502079890,10,Blue water include data per.,239.57,,,419,KR,2021-09-23 10:44:52
259,4319231730084596,33,Number culture data government real.,1562.26,9016,,535,TJ,2021-09-23 10:44:52
260,4319234613708745,16,Theory better bit during. Heavy light cost town.,665.46,6662,525,,VN,2021-09-23 10:44:52
261,4319239398371072,48,Other affect score again control should.,116.83,,678,,KR,2021-09-23 10:44:52
262,4319234815567329,10,Big finally whether lay ability course.,1693.27,,,861,ZA,2021-09-23 10:44:52
263,4319231412912379,78,Benefit the add fall action member according.,782.04,,,842,VI,2021-09-23 10:44:52
264,4319238217790900,74,Leg walk specific step.,1283.34,5675,142,,GU,2021-09-23 10:44:52
265,4319237263191989,90,Little against view purpose.,1867.90,924,,768,CA,2021-09-23 10:44:52
266,4319234815567329,22,Wish big specific off. Leader summer current sense.,1613.73,,,,SY,2021-09-23 10:44:52
267,4319239398371072,82,Security treatment cold world let.,969.50,,,630,VN,2021-09-23 10:44:52
268,4319234495251137,76,After free among final seek employee market.,783.96,6688,,391,TH,2021-09-23 10:44:52
269,4319239660524028,2,Lawyer reason source hour receive.,1596.65,,,277,AS,2021-09-23 10:44:52
270,4319237500307000,34,Senior cultural affect of.,439.02,3373,,976,TD,2021-09-23 10:44:52
271,4319238725594448,30,Focus some view individual.,757.70,7135,,728,MP,2021-09-23 10:44:52
272,4319238433558925,63,Reach yes popular voice hope dog.,1254.55,3709,,491,ZA,2021-09-23 10:44:52
273,4319235166709725,10,State glass baby trade amount reflect phone.,31.51,,,894,SO,2021-09-23 10:44:52
274,4319237686181351,76,Theory customer always skin woman. There price drop.,1104.39,2180,,863,US,2021-09-23 10:44:52
275,4319233513891098,74,Only unit board across.,928.83,,379,,KR,2021-09-23 10:44:52
276,4319238433558925,62,Foot buy report attack.,430.27,3709,,491,VI,2021-09-23 10:44:52
277,4319236830786867,20,Low yes available card catch talk appear.,1526.71,3079,,968,GU,2021-09-23 10:44:52
278,4319239339182380,5,Take throughout spend foot someone team.,1582.71,,,38,PS,2021-09-23 10:44:52
279,4319238725594448,15,Until benefit Mrs win college say.,1728.08,7135,792,,MP,2021-09-23 10:44:52
280,4319235502079890,2,Room about bit keep night smile.,983.84,,,,SY,2021-09-23 10:44:52
281,4319235925267601,88,Red purpose daughter dog hit design.,912.67,3258,,579,CA,2021-09-23 10:44:52
282,4319238054756287,80,Believe fast cause growth strong.,1537.15,,,714,SY,2021-09-23 10:44:52
283,4319238433558925,49,Key democratic describe painting call hard month free.,1181.05,3709,,491,VN,2021-09-23 10:44:52
284,4319234901896186,100,Off book off city score factor bit.,536.32,,,566,RU,2021-09-23 10:44:52
285,4319235502079890,69,President drop activity upon character.,1071.21,,,,PS,2021-09-23 10:44:52
286,4319236500068745,48,Candidate mother yet or space.,1034.85,8097,,972,PS,2021-09-23 10:44:52
287,4319235925267601,37,Answer clearly break admit.,330.26,3258,,579,TJ,2021-09-23 10:44:52
288,4319235640236253,13,Wind police upon long forget. Walk fall allow.,234.75,,,56,NG,2021-09-23 10:44:52
289,4319233356977111,58,Like I bank paper hair sign common miss.,1855.73,564,645,,KP,2021-09-23 10:44:52
290,4319233652344255,62,Ready ten provide size agree color authority change.,1437.84,,,323,MP,2021-09-23 10:44:52
291,4319239461000012,74,Attack ahead life process though.,696.81,,,597,KR,2021-09-23 10:44:52
292,431923460519699,85,Almost research manage process body.,970.34,,672,,KP,2021-09-23 10:44:52
293,4319237455815999,93,Worry real lead expect energy task among.,1581.60,,888,,CN,2021-09-23 10:44:52
294,4319234901896186,25,Individual voice sell end.,1907.13,,,,US,2021-09-23 10:44:52
295,4319238725594448,76,Resource should should rest best wind.,722.04,7135,,728,KR,2021-09-23 10:44:52
296,4319232187867475,60,Stop while until see run peace because.,27.49,,,821,PS,2021-09-23 10:44:52
297,4319239136322221,61,Reveal truth finish speech.,995.20,1307,349,,SJ,2021-09-23 10:44:52
298,4319236390337945,72,Above trade no threat. Left message job.,64.96,3465,271,,KP,2021-09-23 10:44:52
299,4319233719742475,79,Try eight father. Sign American low.,1437.88,9019,,354,MP,2021-09-23 10:44:52
300,4319233719742475,85,Some society step local since single financial.,556.12,9019,,354,VN,2021-09-23 10:44:52
301,4319231436034069,91,Team body believe performance figure grow former.,942.63,,,,GU,2021-09-23 10:44:52
302,4319233576394220,80,Way its represent culture describe record reality.,1989.31,2409,,239,MX,2021-09-23 10:44:52
303,4319231436034069,2,Task bar once answer past sometimes bad.,370.22,,864,,SJ,2021-09-23 10:44:52
304,4319239660524028,28,However baby peace citizen.,973.46,,,277,CN,2021-09-23 10:44:52
305,4319236904473640,96,Into reduce whose family ground.,1319.36,1352,,641,JP,2021-09-23 10:44:52
306,4319235640236253,45,Yard several leave beyond then. Assume magazine force.,442.84,,,56,TJ,2021-09-23 10:44:52
307,4319236772313019,31,Church seek under plant.,547.67,,422,,CN,2021-09-23 10:44:52
308,4319237500307000,12,Color mother indicate.,1292.28,3373,,976,ZA,2021-09-23 10:44:52
309,4319233652344255,69,Including simple help speak color interest occur.,457.76,,,323,KR,2021-09-23 10:44:52
310,4319232894632071,19,Really sense defense ball turn wind.,1448.32,1267,,,NG,2021-09-23 10:44:52
311,4319231436034069,10,People seat ever college case.,480.94,,,688,AS,2021-09-23 10:44:52
312,4319233719742475,64,Plant attention our other growth.,430.18,9019,23,,VN,2021-09-23 10:44:52
313,4319233576394220,38,Firm child message.,1072.55,2409,,239,SJ,2021-09-23 10:44:52
314,4319235272348921,41,Two bar young look very.,1018.87,6726,,10,CN,2021-09-23 10:44:52
315,431923230790091,12,She region get.,346.45,,,203,SJ,2021-09-23 10:44:52
316,4319238725594448,11,Thank significant off evening difficult.,1615.57,7135,792,,TH,2021-09-23 10:44:52
317,4319234901896186,81,Personal different director subject eat again meet.,752.97,,,566,SO,2021-09-23 10:44:52
318,4319232692911297,74,Voice cultural establish same include notice.,1461.19,,,753,TJ,2021-09-23 10:44:52
319,4319238433558925,71,Live senior for article teach yard we.,1825.09,3709,255,,KP,2021-09-23 10:44:52
320,4319235878582824,17,Meeting threat check main quality develop stock watch.,1038.29,7779,,,ZA,2021-09-23 10:44:52
321,431923460519699,43,Add suggest maintain head like better thing.,308.27,,,388,AS,2021-09-23 10:44:52
322,4319231060922365,53,Realize apply local onto remain economy.,1462.83,,660,,KR,2021-09-23 10:44:52
323,4319239398371072,27,Radio form you represent least happen.,1.06,,,,VI,2021-09-23 10:44:52
324,4319232894632071,49,Boy capital never wife. Research read friend easy.,844.06,1267,,301,AS,2021-09-23 10:44:52
325,4319236830786867,18,Last do within somebody. Information to build now let.,1288.24,3079,349,,VI,2021-09-23 10:44:52
326,4319236376768337,95,Imagine show politics.,749.94,5883,632,,US,2021-09-23 10:44:52
327,4319238217790900,30,Personal appear design another board radio image.,514.40,5675,,,NG,2021-09-23 10:44:52
328,4319235913541645,32,Very sing here own today thing allow.,1011.28,,489,,VN,2021-09-23 10:44:52
329,4319237146070871,42,Eat get well history evening there because.,618.40,9346,,808,SY,2021-09-23 10:44:52
330,4319234105541919,17,Present computer west their surface capital town.,993.74,,336,,US,2021-09-23 10:44:52
331,4319232187867475,60,Rest public concern life generation meeting face live.,370.56,,,821,MX,2021-09-23 10:44:52
332,4319233576394220,78,Against development right she tend leg our.,143.33,2409,552,,AS,2021-09-23 10:44:52
333,4319233576394220,37,Require poor early throw.,1477.14,2409,552,,SO,2021-09-23 10:44:52
334,4319231060922365,17,Trouble out half better deal point price.,13.24,,,,RU,2021-09-23 10:44:52
335,4319231290620128,76,Good fast decision item loss carry.,1350.83,,,,TJ,2021-09-23 10:44:52
336,4319239403608237,59,Tonight rate eat hold school pretty heart run.,1959.21,,,,GU,2021-09-23 10:44:52
337,4319239560326193,70,Nothing owner because reality whatever include or.,1008.17,,,,SY,2021-09-23 10:44:52
338,431923129499036,79,Piece activity challenge ask set.,1880.68,,,525,NG,2021-09-23 10:44:52
339,4319237263191989,22,Executive hospital trade possible ten measure.,1852.04,924,,,KP,2021-09-23 10:44:52
340,4319233652344255,17,Role effect best room.,1853.25,,254,,MX,2021-09-23 10:44:52
341,4319239560326193,97,Door car manager worker southern.,661.64,,,,AS,2021-09-23 10:44:52
342,4319233652344255,85,Tree fish control manage middle year read.,700.68,,254,,NG,2021-09-23 10:44:52
343,4319236821918248,100,Long choice east people.,1459.49,4480,,2,SY,2021-09-23 10:44:52
344,4319236830786867,88,Start those house collection including girl.,1156.82,3079,,968,AS,2021-09-23 10:44:52
345,4319238217790900,53,Blood little network financial book time save.,505.90,5675,,626,AS,2021-09-23 10:44:52
346,4319231730084596,4,Follow sort toward protect lose total.,288.92,9016,,535,RU,2021-09-23 10:44:52
347,4319234495251137,29,Front the experience four boy product media.,1407.31,6688,,391,CA,2021-09-23 10:44:52
348,4319237500307000,94,Record modern store treat property at response.,1555.78,3373,,976,KR,2021-09-23 10:44:52
349,4319238725594448,34,Religious but year pretty country room.,541.12,7135,,728,MP,2021-09-23 10:44:52
350,4319236443118813,11,Million develop woman relationship page woman.,518.58,,998,,GU,2021-09-23 10:44:52
351,4319236830786867,23,Above beyond environment measure these up never.,491.33,3079,349,,RU,2021-09-23 10:44:52
352,4319239339182380,21,Western expect seat over.,727.70,,,,NG,2021-09-23 10:44:52
353,4319233576394220,68,Truth wife provide through ok miss huge whose.,359.01,2409,552,,KR,2021-09-23 10:44:52
354,4319234509730183,38,Data need use participant trial decide data.,756.98,,,318,KR,2021-09-23 10:44:52
355,4319238054756287,40,Deep there race. Large read reach rise.,1850.55,,,714,SY,2021-09-23 10:44:52
356,4319238217790900,65,Man recently major window discover walk.,689.51,5675,,626,KR,2021-09-23 10:44:52
357,4319239339182380,1,Low couple through lay.,1976.90,,,,VI,2021-09-23 10:44:52
358,4319232752423829,46,Tree thank land. Stage early agree buy.,1501.11,1484,,,VN,2021-09-23 10:44:52
359,4319236802365302,31,Mrs some network kid put tonight suffer.,686.20,5112,,688,SJ,2021-09-23 10:44:52
360,4319239841094008,75,Another present dream range.,278.81,3911,,397,CA,2021-09-23 10:44:52
361,4319231730084596,34,And wrong moment early work more civil.,1193.45,9016,,,TJ,2021-09-23 10:44:52
362,4319235166709725,3,Want law want finally put draw.,1718.49,,,,VI,2021-09-23 10:44:52
363,4319231412912379,23,Morning there source off happen.,832.42,,,,VN,2021-09-23 10:44:52
364,4319234574726322,32,Present southern language. Standard course result eat.,1778.65,1982,,890,CN,2021-09-23 10:44:52
365,4319232894632071,74,Water realize range record.,1665.12,1267,,301,GU,2021-09-23 10:44:52
366,4319236904473640,15,Morning feel avoid alone among chair TV.,573.49,1352,,,NG,2021-09-23 10:44:52
367,4319233356977111,38,Several all rock describe set ability Mrs.,1074.05,564,645,,US,2021-09-23 10:44:52
368,4319238217790900,10,Campaign music nature maybe several.,118.21,5675,,,KP,2021-09-23 10:44:52
369,4319238966631099,80,Magazine project defense seek us those stuff.,313.38,6157,,,MP,2021-09-23 10:44:52
370,4319235925267601,42,Attorney fear particular consider cup chair.,1294.59,3258,,579,NG,2021-09-23 10:44:52
371,4319235878582824,86,Government matter his figure group.,1337.88,7779,,436,CA,2021-09-23 10:44:52
372,4319239403803861,6,Cut meet where right scientist.,1359.87,7360,54,,PS,2021-09-23 10:44:52
373,4319232692911297,27,Public site itself involve activity break thing.,1504.87,,351,,RU,2021-09-23 10:44:52
374,4319235502079890,86,Partner and billion relate outside.,1832.50,,,,US,2021-09-23 10:44:52
375,4319238217790900,16,Try fine care region and especially seek network.,1555.19,5675,,626,CN,2021-09-23 10:44:52
376,4319237984759288,32,Trouble remember life teach control.,610.61,6075,,558,KR,2021-09-23 10:44:52
377,4319237500307000,71,Throw young option specific still out yeah.,1844.17,3373,528,,SY,2021-09-23 10:44:52
378,4319232752423829,63,Option Republican evidence event will ahead a.,1953.06,1484,520,,SY,2021-09-23 10:44:52
379,4319233356977111,70,Per often I figure financial.,433.82,564,,554,US,2021-09-23 10:44:52
380,4319238725594448,94,Able store table relationship social candidate good.,1018.78,7135,,728,VI,2021-09-23 10:44:52
381,4319236376768337,19,Loss which rule way morning low.,1155.53,5883,,,VN,2021-09-23 10:44:52
382,4319239122559372,50,Central debate nature. Cultural offer performance.,1929.83,,,90,MP,2021-09-23 10:44:52
383,4319239560326193,47,Foot degree at impact.,1621.62,,364,,VI,2021-09-23 10:44:52
384,4319236390337945,63,Arrive nation surface partner.,325.72,3465,,372,SO,2021-09-23 10:44:52
385,431923230790091,15,Relate coach budget candidate.,1946.10,,607,,TJ,2021-09-23 10:44:52
386,4319235805846524,83,Scene oil indeed watch growth and prove happen.,842.68,,,116,VI,2021-09-23 10:44:52
387,4319236376768337,85,Again maintain show explain law nation fly thing.,1196.74,5883,,185,TD,2021-09-23 10:44:52
388,4319235502079890,36,Sure issue necessary almost rich.,1264.64,,,,TH,2021-09-23 10:44:52
389,4319236830786867,69,None catch thank change region.,789.99,3079,,968,VI,2021-09-23 10:44:52
390,4319231412912379,50,East movement will talk left.,875.52,,,842,MP,2021-09-23 10:44:52
391,4319238217790900,92,Health whose young girl speak stop nothing.,1828.60,5675,,626,RU,2021-09-23 10:44:52
392,4319238725594448,32,Movie knowledge movie event real.,589.90,7135,,728,CN,2021-09-23 10:44:52
393,4319238433558925,76,Indeed toward event house authority.,24.68,3709,,,VN,2021-09-23 10:44:52
394,4319236802365302,71,But then imagine friend store direction expect.,1412.30,5112,768,,SO,2021-09-23 10:44:52
395,4319234495251137,3,Foot for bank into.,1399.30,6688,,391,RU,2021-09-23 10:44:52
396,4319238217790900,100,Take actually edge author strategy.,755.25,5675,,626,ZA,2021-09-23 10:44:52
397,4319234613708745,81,Continue mission project court.,811.25,6662,,,VI,2021-09-23 10:44:52
398,4319238217790900,5,Travel open his image.,642.56,5675,,,NG,2021-09-23 10:44:52
399,4319235805846524,70,Sell right many small citizen.,1442.51,,,,US,2021-09-23 10:44:52
400,4319232187867475,13,Everything everybody reflect central reveal wonder.,463.21,,,821,VN,2021-09-23 10:44:52
